PassengerId,Survived,Pclass,Name,Sex,Age,Ticket,Fare,Embarked,Family Persion,Family_Type
329,1,3,"Goldsmith, Mrs. Frank John (Emily Alice Brown)",female,31,363291,20.525,S,3,Family
74,0,3,"Chronopoulos, Mr. Apostolos",male,26,2680,14.4542,C,2,Duo
254,0,3,"Lobb, Mr. William Arthur",male,30,A/5. 3336,16.1,S,2,Duo
720,0,3,"Johnson, Mr. Malkolm Joackim",male,33,347062,7.775,S,1,Alone
667,0,2,"Butler, Mr. Reginald Fenton",male,25,234686,13.0,S,1,Alone
31,0,1,"Uruchurtu, Don. Manuel E",male,40,PC 17601,27.7208,C,1,Alone
288,0,3,"Naidenoff, Mr. Penko",male,22,349206,7.8958,S,1,Alone
218,0,2,"Jacobsohn, Mr. Sidney Samuel",male,42,243847,27.0,S,2,Duo
798,1,3,"Osman, Mrs. Mara",female,31,349244,8.6833,S,1,Alone
372,0,3,"Wiklund, Mr. Jakob Alfred",male,18,3101267,6.4958,S,2,Duo
377,1,3,"Landergren, Miss. Aurora Adelia",female,22,C 7077,7.25,S,1,Alone
139,0,3,"Osen, Mr. Olaf Elon",male,16,7534,9.2167,S,1,Alone
106,0,3,"Mionoff, Mr. Stoytcho",male,28,349207,7.8958,S,1,Alone
69,1,3,"Andersson, Miss. Erna Alexandra",female,17,3101281,7.925,S,7,Family
362,0,2,"del Carlo, Mr. Sebastiano",male,29,SC/PARIS 2167,27.7208,C,2,Duo
721,1,2,"Harper, Miss. Annie Jessie ""Nina""""""",female,6,248727,33.0,S,2,Duo
600,1,1,"Duff Gordon, Sir. Cosmo Edmund (""Mr Morgan"""")""",male,49,PC 17485,56.9292,C,2,Duo
515,0,3,"Coleff, Mr. Satio",male,24,349209,7.4958,S,1,Alone
314,0,3,"Hendekovic, Mr. Ignjac",male,28,349243,7.8958,S,1,Alone
744,0,3,"McNamee, Mr. Neal",male,24,376566,16.1,S,2,Duo
320,1,1,"Spedden, Mrs. Frederic Oakley (Margaretta Corning Stone)",female,40,16966,134.5,C,3,Family
22,1,2,"Beesley, Mr. Lawrence",male,34,248698,13.0,S,1,Alone
418,1,2,"Silven, Miss. Lyyli Karoliina",female,18,250652,13.0,S,3,Family
836,1,1,"Compton, Miss. Sara Rebecca",female,39,PC 17756,83.1583,C,3,Family
570,1,3,"Jonsson, Mr. Carl",male,32,350417,7.8542,S,1,Alone
292,1,1,"Bishop, Mrs. Dickinson H (Helen Walton)",female,19,11967,91.0792,C,2,Duo
81,0,3,"Waelens, Mr. Achille",male,22,345767,9.0,S,1,Alone
488,0,1,"Kent, Mr. Edward Austin",male,58,11771,29.7,C,1,Alone
547,1,2,"Beane, Mrs. Edward (Ethel Clarke)",female,19,2908,26.0,S,2,Duo
39,0,3,"Vander Planke, Miss. Augusta Maria",female,18,345764,18.0,S,3,Family
248,1,2,"Hamalainen, Mrs. William (Anna)",female,24,250649,14.5,S,3,Family
446,1,1,"Dodge, Master. Washington",male,4,33638,81.8583,S,3,Family
324,1,2,"Caldwell, Mrs. Albert Francis (Sylvia Mae Harbaugh)",female,22,248738,29.0,S,3,Family
715,0,2,"Greenberg, Mr. Samuel",male,52,250647,13.0,S,1,Alone
877,0,3,"Gustafsson, Mr. Alfred Ossian",male,20,7534,9.8458,S,1,Alone
266,0,2,"Reeves, Mr. David",male,36,C.A. 17248,10.5,S,1,Alone
813,0,2,"Slemen, Mr. Richard James",male,35,28206,10.5,S,1,Alone
449,1,3,"Baclini, Miss. Marie Catherine",female,5,2666,19.2583,C,4,Family
658,0,3,"Bourke, Mrs. John (Catherine)",female,32,364849,15.5,Q,3,Family
312,1,1,"Ryerson, Miss. Emily Borie",female,18,PC 17608,262.375,C,5,Family
431,1,1,"Bjornstrom-Steffansson, Mr. Mauritz Hakan",male,28,110564,26.55,S,1,Alone
479,0,3,"Karlsson, Mr. Nils August",male,22,350060,7.5208,S,1,Alone
220,0,2,"Harris, Mr. Walter",male,30,W/C 14208,10.5,S,1,Alone
291,1,1,"Barber, Miss. Ellen ""Nellie""""""",female,26,19877,78.85,S,1,Alone
680,1,1,"Cardeza, Mr. Thomas Drake Martinez",male,36,PC 17755,512.3292,C,2,Duo
474,1,2,"Jerwan, Mrs. Amin S (Marie Marthe Thuillard)",female,23,SC/AH Basle 541,13.7917,C,1,Alone
464,0,2,"Milling, Mr. Jacob Christian",male,48,234360,13.0,S,1,Alone
839,1,3,"Chip, Mr. Chang",male,32,1601,56.4958,S,1,Alone
206,0,3,"Strom, Miss. Telma Matilda",female,2,347054,10.4625,S,2,Duo
609,1,2,"Laroche, Mrs. Joseph (Juliette Marie Louise Lafargue)",female,22,SC/Paris 2123,41.5792,C,4,Family
787,1,3,"Sjoblom, Miss. Anna Sofia",female,18,3101265,7.4958,S,1,Alone
859,1,3,"Baclini, Mrs. Solomon (Latifa Qurban)",female,24,2666,19.2583,C,4,Family
453,0,1,"Foreman, Mr. Benjamin Laventall",male,30,113051,27.75,C,1,Alone
366,0,3,"Adahl, Mr. Mauritz Nils Martin",male,30,C 7076,7.25,S,1,Alone
617,0,3,"Danbom, Mr. Ernst Gilbert",male,34,347080,14.4,S,3,Family
541,1,1,"Crosby, Miss. Harriet R",female,36,WE/P 5735,71.0,S,3,Family
133,0,3,"Robins, Mrs. Alexander A (Grace Charity Laury)",female,47,A/5. 3337,14.5,S,2,Duo
144,0,3,"Burke, Mr. Jeremiah",male,19,365222,6.75,Q,1,Alone
805,1,3,"Hedman, Mr. Oskar Arvid",male,27,347089,6.975,S,1,Alone
554,1,3,"Leeni, Mr. Fahim (""Philip Zenni"""")""",male,22,2620,7.225,C,1,Alone
804,1,3,"Thomas, Master. Assad Alexander",male,0,2625,8.5167,C,2,Duo
343,0,2,"Collander, Mr. Erik Gustaf",male,28,248740,13.0,S,1,Alone
118,0,2,"Turpin, Mr. William John Robert",male,29,11668,21.0,S,2,Duo
9,1,3,"Johnson, Mrs. Oscar W (Elisabeth Vilhelmina Berg)",female,27,347742,11.1333,S,3,Family
115,0,3,"Attalah, Miss. Malake",female,17,2627,14.4583,C,1,Alone
685,0,2,"Brown, Mr. Thomas William Solomon",male,60,29750,39.0,S,3,Family
538,1,1,"LeRoy, Miss. Bertha",female,30,PC 17761,106.425,C,1,Alone
677,0,3,"Sawyer, Mr. Frederick Charles",male,25,342826,8.05,S,1,Alone
494,0,1,"Artagaveytia, Mr. Ramon",male,71,PC 17609,49.5042,C,1,Alone
480,1,3,"Hirvonen, Miss. Hildur E",female,2,3101298,12.2875,S,2,Duo
279,0,3,"Rice, Master. Eric",male,7,382652,29.125,Q,6,Family
175,0,1,"Smith, Mr. James Clinch",male,56,17764,30.6958,C,1,Alone
38,0,3,"Cann, Mr. Ernest Charles",male,21,A./5. 2152,8.05,S,1,Alone
59,1,2,"West, Miss. Constance Mirium",female,5,C.A. 34651,27.75,S,4,Family
58,0,3,"Novel, Mr. Mansouer",male,29,2697,7.2292,C,1,Alone
95,0,3,"Coxon, Mr. Daniel",male,59,364500,7.25,S,1,Alone
210,1,1,"Blank, Mr. Henry",male,40,112277,31.0,C,1,Alone
622,1,1,"Kimball, Mr. Edwin Nelson Jr",male,42,11753,52.5542,S,2,Duo
785,0,3,"Ali, Mr. William",male,25,SOTON/O.Q. 3101312,7.05,S,1,Alone
87,0,3,"Ford, Mr. William Neal",male,16,W./C. 6608,34.375,S,5,Family
13,0,3,"Saundercock, Mr. William Henry",male,20,A/5. 2151,8.05,S,1,Alone
398,0,2,"McKane, Mr. Peter David",male,46,28403,26.0,S,1,Alone
731,1,1,"Allen, Miss. Elisabeth Walton",female,29,24160,211.3375,S,1,Alone
222,0,2,"Bracken, Mr. James H",male,27,220367,13.0,S,1,Alone
350,0,3,"Dimic, Mr. Jovan",male,42,315088,8.6625,S,1,Alone
814,0,3,"Andersson, Miss. Ebba Iris Alfrida",female,6,347082,31.275,S,7,Family
536,1,2,"Hart, Miss. Eva Miriam",female,7,F.C.C. 13529,26.25,S,3,Family
383,0,3,"Tikkanen, Mr. Juho",male,32,STON/O 2. 3101293,7.925,S,1,Alone
692,1,3,"Karun, Miss. Manca",female,4,349256,13.4167,C,2,Duo
221,1,3,"Sunderland, Mr. Victor Francis",male,16,SOTON/OQ 392089,8.05,S,1,Alone
867,1,2,"Duran y More, Miss. Asuncion",female,27,SC/PARIS 2149,13.8583,C,2,Duo
588,1,1,"Frolicher-Stehli, Mr. Maxmillian",male,60,13567,79.2,C,3,Family
107,1,3,"Salkjelsvik, Miss. Anna Kristine",female,21,343120,7.65,S,1,Alone
272,1,3,"Tornquist, Mr. William Henry",male,25,LINE,0.0,S,1,Alone
854,1,1,"Lines, Miss. Mary Conover",female,16,PC 17592,39.4,S,2,Duo
697,0,3,"Kelly, Mr. James",male,44,363592,8.05,S,1,Alone
519,1,2,"Angle, Mrs. William A (Florence ""Mary"""" Agnes Hughes)""",female,36,226875,26.0,S,2,Duo
610,1,1,"Shutes, Miss. Elizabeth W",female,40,PC 17582,153.4625,S,1,Alone
103,0,1,"White, Mr. Richard Frasar",male,21,35281,77.2875,S,2,Duo
28,0,1,"Fortune, Mr. Charles Alexander",male,19,19950,263.0,S,6,Family
17,0,3,"Rice, Master. Eugene",male,2,382652,29.125,Q,6,Family
563,0,2,"Norman, Mr. Robert Douglas",male,28,218629,13.5,S,1,Alone
734,0,2,"Berriman, Mr. William John",male,23,28425,13.0,S,1,Alone
420,0,3,"Van Impe, Miss. Catharina",female,10,345773,24.15,S,3,Family
363,0,3,"Barbara, Mrs. (Catherine David)",female,45,2691,14.4542,C,2,Duo
890,1,1,"Behr, Mr. Karl Howell",male,26,111369,30.0,C,1,Alone
413,1,1,"Minahan, Miss. Daisy E",female,33,19928,90.0,Q,2,Duo
544,1,2,"Beane, Mr. Edward",male,32,2908,26.0,S,2,Duo
323,1,2,"Slayter, Miss. Hilda Mary",female,30,234818,12.35,Q,1,Alone
172,0,3,"Rice, Master. Arthur",male,4,382652,29.125,Q,6,Family
533,0,3,"Elias, Mr. Joseph Jr",male,17,2690,7.2292,C,3,Family
402,0,3,"Adams, Mr. John",male,26,341826,8.05,S,1,Alone
44,1,2,"Laroche, Miss. Simonne Marie Anne Andree",female,3,SC/Paris 2123,41.5792,C,4,Family
397,0,3,"Olsson, Miss. Elina",female,31,350407,7.8542,S,1,Alone
442,0,3,"Hampe, Mr. Leon",male,20,345769,9.5,S,1,Alone
11,1,3,"Sandstrom, Miss. Marguerite Rut",female,4,PP 9549,16.7,S,3,Family
313,0,2,"Lahtinen, Mrs. William (Anna Sylfven)",female,26,250651,26.0,S,3,Family
26,1,3,"Asplund, Mrs. Carl Oscar (Selma Augusta Emilia Johansson)",female,38,347077,31.3875,S,7,Family
276,1,1,"Andrews, Miss. Kornelia Theodosia",female,63,13502,77.9583,S,2,Duo
808,0,3,"Pettersson, Miss. Ellen Natalia",female,18,347087,7.775,S,1,Alone
874,0,3,"Vander Cruyssen, Mr. Victor",male,47,345765,9.0,S,1,Alone
440,0,2,"Kvillner, Mr. Johan Henrik Johannesson",male,31,C.A. 18723,10.5,S,1,Alone
750,0,3,"Connaghton, Mr. Michael",male,31,335097,7.75,Q,1,Alone
253,0,1,"Stead, Mr. William Thomas",male,62,113514,26.55,S,1,Alone
577,1,2,"Garside, Miss. Ethel",female,34,243880,13.0,S,1,Alone
119,0,1,"Baxter, Mr. Quigg Edmond",male,24,PC 17558,247.5208,C,2,Duo
388,1,2,"Buss, Miss. Kate",female,36,27849,13.0,S,1,Alone
674,1,2,"Wilhelms, Mr. Charles",male,31,244270,13.0,S,1,Alone
497,1,1,"Eustis, Miss. Elizabeth Mussey",female,54,36947,78.2667,C,2,Duo
229,0,2,"Fahlstrom, Mr. Arne Jonas",male,18,236171,13.0,S,1,Alone
724,0,2,"Hodges, Mr. Henry Price",male,50,250643,13.0,S,1,Alone
870,1,3,"Johnson, Master. Harold Theodor",male,4,347742,11.1333,S,3,Family
193,1,3,"Andersen-Jensen, Miss. Carla Christine Nielsine",female,19,350046,7.8542,S,2,Duo
98,1,1,"Greenfield, Mr. William Bertram",male,23,PC 17759,63.3583,C,2,Duo
438,1,2,"Richards, Mrs. Sidney (Emily Hocking)",female,24,29106,18.75,S,6,Family
345,0,2,"Fox, Mr. Stanley Hubert",male,36,229236,13.0,S,1,Alone
90,0,3,"Celotti, Mr. Francesco",male,24,343275,8.05,S,1,Alone
502,0,3,"Canavan, Miss. Mary",female,21,364846,7.75,Q,1,Alone
234,1,3,"Asplund, Miss. Lillian Gertrud",female,5,347077,31.3875,S,7,Family
339,1,3,"Dahl, Mr. Karl Edwart",male,45,7598,8.05,S,1,Alone
293,0,2,"Levy, Mr. Rene Jacques",male,36,SC/Paris 2163,12.875,C,1,Alone
114,0,3,"Jussila, Miss. Katriina",female,20,4136,9.825,S,2,Duo
758,0,2,"Bailey, Mr. Percy Andrew",male,18,29108,11.5,S,1,Alone
147,1,3,"Andersson, Mr. August Edvard (""Wennerstrom"""")""",male,27,350043,7.7958,S,1,Alone
156,0,1,"Williams, Mr. Charles Duane",male,51,PC 17597,61.3792,C,2,Duo
736,0,3,"Williams, Mr. Leslie",male,29,54636,16.1,S,1,Alone
295,0,3,"Mineff, Mr. Ivan",male,24,349233,7.8958,S,1,Alone
1,0,3,"Braund, Mr. Owen Harris",male,22,A/5 21171,7.25,S,2,Duo
882,0,3,"Markun, Mr. Johann",male,33,349257,7.8958,S,1,Alone
443,0,3,"Petterson, Mr. Johan Emil",male,25,347076,7.775,S,2,Duo
632,0,3,"Lundahl, Mr. Johan Svensson",male,51,347743,7.0542,S,1,Alone
510,1,3,"Lang, Mr. Fang",male,26,1601,56.4958,S,1,Alone
346,1,2,"Brown, Miss. Amelia ""Mildred""""""",female,24,248733,13.0,S,1,Alone
146,0,2,"Nicholls, Mr. Joseph Charles",male,19,C.A. 33112,36.75,S,3,Family
284,1,3,"Dorking, Mr. Edward Arthur",male,19,A/5. 10482,8.05,S,1,Alone
656,0,2,"Hickman, Mr. Leonard Mark",male,24,S.O.C. 14879,73.5,S,3,Family
559,1,1,"Taussig, Mrs. Emil (Tillie Mandelbaum)",female,39,110413,79.65,S,3,Family
342,1,1,"Fortune, Miss. Alice Elizabeth",female,24,19950,263.0,S,6,Family
655,0,3,"Hegarty, Miss. Hanora ""Nora""""""",female,18,365226,6.75,Q,1,Alone
180,0,3,"Leonard, Mr. Lionel",male,36,LINE,0.0,S,1,Alone
652,1,2,"Doling, Miss. Elsie",female,18,231919,23.0,S,2,Duo
495,0,3,"Stanley, Mr. Edward Roland",male,21,A/4 45380,8.05,S,1,Alone
809,0,2,"Meyer, Mr. August",male,39,248723,13.0,S,1,Alone
659,0,2,"Eitemiller, Mr. George Floyd",male,23,29751,13.0,S,1,Alone
334,0,3,"Vander Planke, Mr. Leo Edmondus",male,16,345764,18.0,S,3,Family
618,0,3,"Lobb, Mrs. William Arthur (Cordelia K Stanlick)",female,26,A/5. 3336,16.1,S,2,Duo
642,1,1,"Sagesser, Mlle. Emma",female,24,PC 17477,69.3,C,1,Alone
62,1,1,"Icard, Miss. Amelie",female,38,113572,80.0,,1,Alone
326,1,1,"Young, Miss. Marie Grice",female,36,PC 17760,135.6333,C,1,Alone
244,0,3,"Maenpaa, Mr. Matti Alexanteri",male,22,STON/O 2. 3101275,7.125,S,1,Alone
891,0,3,"Dooley, Mr. Patrick",male,32,370376,7.75,Q,1,Alone
751,1,2,"Wells, Miss. Joan",female,4,29103,23.0,S,3,Family
136,0,2,"Richard, Mr. Emile",male,23,SC/PARIS 2133,15.0458,C,1,Alone
615,0,3,"Brocklebank, Mr. William Alfred",male,35,364512,8.05,S,1,Alone
676,0,3,"Edvardsson, Mr. Gustaf Hjalmar",male,18,349912,7.775,S,1,Alone
425,0,3,"Rosblom, Mr. Viktor Richard",male,18,370129,20.2125,S,3,Family
128,1,3,"Madsen, Mr. Fridtjof Arne",male,24,C 17369,7.1417,S,1,Alone
462,0,3,"Morley, Mr. William",male,34,364506,8.05,S,1,Alone
802,1,2,"Collyer, Mrs. Harvey (Charlotte Annie Tate)",female,31,C.A. 31921,26.25,S,3,Family
689,0,3,"Fischer, Mr. Eberhard Thelander",male,18,350036,7.7958,S,1,Alone
223,0,3,"Green, Mr. George Henry",male,51,21440,8.05,S,1,Alone
381,1,1,"Bidois, Miss. Rosalie",female,42,PC 17757,227.525,C,1,Alone
611,0,3,"Andersson, Mrs. Anders Johan (Alfrida Konstantia Brogren)",female,39,347082,31.275,S,7,Family
858,1,1,"Daly, Mr. Peter Denis ",male,51,113055,26.55,S,1,Alone
189,0,3,"Bourke, Mr. John",male,40,364849,15.5,Q,3,Family
154,0,3,"van Billiard, Mr. Austin Blyler",male,41,A/5. 851,14.5,S,3,Family
825,0,3,"Panula, Master. Urho Abraham",male,2,3101295,39.6875,S,6,Family
778,1,3,"Emanuel, Miss. Virginia Ethel",female,5,364516,12.475,S,1,Alone
231,1,1,"Harris, Mrs. Henry Birkhardt (Irene Wallach)",female,35,36973,83.475,S,2,Duo
567,0,3,"Stoytcheff, Mr. Ilia",male,19,349205,7.8958,S,1,Alone
789,1,3,"Dean, Master. Bertram Vere",male,1,C.A. 2315,20.575,S,4,Family
880,1,1,"Potter, Mrs. Thomas Jr (Lily Alexenia Wilson)",female,56,11767,83.1583,C,2,Duo
451,0,2,"West, Mr. Edwy Arthur",male,36,C.A. 34651,27.75,S,4,Family
400,1,2,"Trout, Mrs. William H (Jessie L)",female,28,240929,12.65,S,1,Alone
823,0,1,"Reuchlin, Jonkheer. John George",male,38,19972,0.0,S,1,Alone
178,0,1,"Isham, Miss. Ann Elizabeth",female,50,PC 17595,28.7125,C,1,Alone
176,0,3,"Klasen, Mr. Klas Albin",male,18,350404,7.8542,S,3,Family
866,1,2,"Bystrom, Mrs. (Karolina)",female,42,236852,13.0,S,1,Alone
399,0,2,"Pain, Dr. Alfred",male,23,244278,10.5,S,1,Alone
23,1,3,"McGowan, Miss. Anna ""Annie""""""",female,15,330923,8.0292,Q,1,Alone
216,1,1,"Newell, Miss. Madeleine",female,31,35273,113.275,C,2,Duo
729,0,2,"Bryhl, Mr. Kurt Arnold Gottfrid",male,25,236853,26.0,S,2,Duo
391,1,1,"Carter, Mr. William Ernest",male,36,113760,120.0,S,4,Family
832,1,2,"Richards, Master. George Sibley",male,1,29106,18.75,S,3,Family
14,0,3,"Andersson, Mr. Anders Johan",male,39,347082,31.275,S,7,Family
382,1,3,"Nakid, Miss. Maria (""Mary"""")""",female,1,2653,15.7417,C,3,Family
34,0,2,"Wheadon, Mr. Edward H",male,66,C.A. 24579,10.5,S,1,Alone
673,0,2,"Mitchell, Mr. Henry Michael",male,70,C.A. 24580,10.5,S,1,Alone
212,1,2,"Cameron, Miss. Clear Annie",female,35,F.C.C. 13528,21.0,S,1,Alone
749,0,1,"Marvin, Mr. Daniel Warner",male,19,113773,53.1,S,2,Duo
844,0,3,"Lemberopolous, Mr. Peter L",male,35,2683,6.4375,C,1,Alone
309,0,2,"Abelson, Mr. Samuel",male,30,P/PP 3381,24.0,C,2,Duo
374,0,1,"Ringhini, Mr. Sante",male,22,PC 17760,135.6333,C,1,Alone
821,1,1,"Hays, Mrs. Charles Melville (Clara Jennings Gregg)",female,52,12749,93.5,S,3,Family
340,0,1,"Blackwell, Mr. Stephen Weart",male,45,113784,35.5,S,1,Alone
194,1,2,"Navratil, Master. Michel M",male,3,230080,26.0,S,3,Family
157,1,3,"Gilnagh, Miss. Katherine ""Katie""""""",female,16,35851,7.7333,Q,1,Alone
625,0,3,"Bowen, Mr. David John ""Dai""""""",male,21,54636,16.1,S,1,Alone
427,1,2,"Clarke, Mrs. Charles V (Ada Maria Winfield)",female,28,2003,26.0,S,2,Duo
358,0,2,"Funk, Miss. Annie Clemmer",female,38,237671,13.0,S,1,Alone
143,1,3,"Hakkarainen, Mrs. Pekka Pietari (Elin Matilda Dolck)",female,24,STON/O2. 3101279,15.85,S,2,Duo
687,0,3,"Panula, Mr. Jaako Arnold",male,14,3101295,39.6875,S,6,Family
217,1,3,"Honkanen, Miss. Eliina",female,27,STON/O2. 3101283,7.925,S,1,Alone
633,1,1,"Stahelin-Maeglin, Dr. Max",male,32,13214,30.5,C,1,Alone
578,1,1,"Silvey, Mrs. William Baird (Alice Munger)",female,39,13507,55.9,S,2,Duo
75,1,3,"Bing, Mr. Lee",male,32,1601,56.4958,S,1,Alone
587,0,2,"Jarvis, Mr. John Denzil",male,47,237565,15.0,S,1,Alone
277,0,3,"Lindblom, Miss. Augusta Charlotta",female,45,347073,7.75,S,1,Alone
349,1,3,"Coutts, Master. William Loch ""William""""""",male,3,C.A. 37671,15.9,S,3,Family
21,0,2,"Fynney, Mr. Joseph J",male,35,239865,26.0,S,1,Alone
537,0,1,"Butt, Major. Archibald Willingham",male,45,113050,26.55,S,1,Alone
401,1,3,"Niskanen, Mr. Juha",male,39,STON/O 2. 3101289,7.925,S,1,Alone
319,1,1,"Wick, Miss. Mary Natalie",female,31,36928,164.8667,S,3,Family
551,1,1,"Thayer, Mr. John Borland Jr",male,17,17421,110.8833,C,3,Family
856,1,3,"Aks, Mrs. Sam (Leah Rosen)",female,18,392091,9.35,S,2,Duo
237,0,2,"Hold, Mr. Stephen",male,44,26707,26.0,S,2,Duo
743,1,1,"Ryerson, Miss. Susan Parker ""Suzette""""""",female,21,PC 17608,262.375,C,5,Family
792,0,2,"Gaskell, Mr. Alfred",male,16,239865,26.0,S,1,Alone
490,1,3,"Coutts, Master. Eden Leslie ""Neville""""""",male,9,C.A. 37671,15.9,S,3,Family
120,0,3,"Andersson, Miss. Ellis Anna Maria",female,2,347082,31.275,S,7,Family
225,1,1,"Hoyt, Mr. Frederick Maxfield",male,38,19943,90.0,S,2,Duo
378,0,1,"Widener, Mr. Harry Elkins",male,27,113503,211.5,C,3,Family
566,0,3,"Davies, Mr. Alfred J",male,24,A/4 48871,24.15,S,3,Family
727,1,2,"Renouf, Mrs. Peter Henry (Lillian Jefferys)",female,30,31027,21.0,S,4,Family
629,0,3,"Bostandyeff, Mr. Guentcho",male,26,349224,7.8958,S,1,Alone
627,0,2,"Kirkland, Rev. Charles Leonard",male,57,219533,12.35,Q,1,Alone
790,0,1,"Guggenheim, Mr. Benjamin",male,46,PC 17593,79.2,C,1,Alone
568,0,3,"Palsson, Mrs. Nils (Alma Cornelia Berglund)",female,29,349909,21.075,S,5,Family
7,0,1,"McCarthy, Mr. Timothy J",male,54,17463,51.8625,S,1,Alone
875,1,2,"Abelson, Mrs. Samuel (Hannah Wizosky)",female,28,P/PP 3381,24.0,C,2,Duo
61,0,3,"Sirayanian, Mr. Orsen",male,22,2669,7.2292,C,1,Alone
883,0,3,"Dahlberg, Miss. Gerda Ulrika",female,22,7552,10.5167,S,1,Alone
682,1,1,"Hassab, Mr. Hammad",male,27,PC 17572,76.7292,C,1,Alone
214,0,2,"Givard, Mr. Hans Kristensen",male,30,250646,13.0,S,1,Alone
19,0,3,"Vander Planke, Mrs. Julius (Emelia Maria Vandemoortele)",female,31,345763,18.0,S,2,Duo
64,0,3,"Skoog, Master. Harald",male,4,347088,27.9,S,6,Family
863,1,1,"Swift, Mrs. Frederick Joel (Margaret Welles Barron)",female,48,17466,25.9292,S,1,Alone
818,0,2,"Mallet, Mr. Albert",male,31,S.C./PARIS 2079,37.0042,C,3,Family
4,1,1,"Futrelle, Mrs. Jacques Heath (Lily May Peel)",female,35,113803,53.1,S,2,Duo
595,0,2,"Chapman, Mr. John Henry",male,37,SC/AH 29037,26.0,S,2,Duo
545,0,1,"Douglas, Mr. Walter Donald",male,50,PC 17761,106.425,C,2,Duo
395,1,3,"Sandstrom, Mrs. Hjalmar (Agnes Charlotta Bengtsson)",female,24,PP 9549,16.7,S,3,Family
822,1,3,"Lulic, Mr. Nikola",male,27,315098,8.6625,S,1,Alone
353,0,3,"Elias, Mr. Tannous",male,15,2695,7.2292,C,3,Family
123,0,2,"Nasser, Mr. Nicholas",male,33,237736,30.0708,C,2,Duo
356,0,3,"Vanden Steen, Mr. Leo Peter",male,28,345783,9.5,S,1,Alone
626,0,1,"Sutton, Mr. Frederick",male,61,36963,32.3208,S,1,Alone
281,0,3,"Duane, Mr. Frank",male,65,336439,7.75,Q,1,Alone
35,0,1,"Meyer, Mr. Edgar Joseph",male,28,PC 17604,82.1708,C,2,Duo
855,0,2,"Carter, Mrs. Ernest Courtenay (Lilian Hughes)",female,44,244252,26.0,S,2,Duo
328,1,2,"Ball, Mrs. (Ada E Hall)",female,36,28551,13.0,S,1,Alone
68,0,3,"Crease, Mr. Ernest James",male,19,S.P. 3464,8.1583,S,1,Alone
454,1,1,"Goldenberg, Mr. Samuel L",male,49,17453,89.1042,C,2,Duo
286,0,3,"Stankovic, Mr. Ivan",male,33,349239,8.6625,C,1,Alone
52,0,3,"Nosworthy, Mr. Richard Cater",male,21,A/4. 39886,7.8,S,1,Alone
198,0,3,"Olsen, Mr. Karl Siegwart Andreas",male,42,4579,8.4042,S,2,Duo
294,0,3,"Haas, Miss. Aloisia",female,24,349236,8.85,S,1,Alone
857,1,1,"Wick, Mrs. George Dennick (Mary Hitchcock)",female,45,36928,164.8667,S,3,Family
470,1,3,"Baclini, Miss. Helene Barbara",female,1,2666,19.2583,C,4,Family
463,0,1,"Gee, Mr. Arthur H",male,47,111320,38.5,S,1,Alone
219,1,1,"Bazzani, Miss. Albina",female,32,11813,76.2917,C,1,Alone
759,0,3,"Theobald, Mr. Thomas Leonard",male,34,363294,8.05,S,1,Alone
637,0,3,"Leinonen, Mr. Antti Gustaf",male,32,STON/O 2. 3101292,7.925,S,1,Alone
666,0,2,"Hickman, Mr. Lewis",male,32,S.O.C. 14879,73.5,S,3,Family
243,0,2,"Coleridge, Mr. Reginald Charles",male,29,W./C. 14263,10.5,S,1,Alone
762,0,3,"Nirva, Mr. Iisakki Antino Aijo",male,41,SOTON/O2 3101272,7.125,S,1,Alone
772,0,3,"Jensen, Mr. Niels Peder",male,48,350047,7.8542,S,1,Alone
562,0,3,"Sivic, Mr. Husein",male,40,349251,7.8958,S,1,Alone
881,1,2,"Shelley, Mrs. William (Imanita Parrish Hall)",female,25,230433,26.0,S,2,Duo
593,0,3,"Elsbury, Mr. William James",male,47,A/5 3902,7.25,S,1,Alone
862,0,2,"Giles, Mr. Frederick Edward",male,21,28134,11.5,S,2,Duo
748,1,2,"Sinkkonen, Miss. Anna",female,30,250648,13.0,S,1,Alone
770,0,3,"Gronnestad, Mr. Daniel Danielsen",male,32,8471,8.3625,S,1,Alone
89,1,1,"Fortune, Miss. Mabel Helen",female,23,19950,263.0,S,6,Family
584,0,1,"Ross, Mr. John Hugo",male,36,13049,40.125,C,1,Alone
211,0,3,"Ali, Mr. Ahmed",male,24,SOTON/O.Q. 3101311,7.05,S,1,Alone
592,1,1,"Stephenson, Mrs. Walter Bertram (Martha Eustis)",female,52,36947,78.2667,C,2,Duo
205,1,3,"Cohen, Mr. Gurshon ""Gus""""""",male,18,A/5 3540,8.05,S,1,Alone
387,0,3,"Goodwin, Master. Sidney Leonard",male,1,CA 2144,46.9,S,8,Family
240,0,2,"Hunt, Mr. George Henry",male,33,SCO/W 1585,12.275,S,1,Alone
635,0,3,"Skoog, Miss. Mabel",female,9,347088,27.9,S,6,Family
456,1,3,"Jalsevac, Mr. Ivan",male,29,349240,7.8958,C,1,Alone
481,0,3,"Goodwin, Master. Harold Victor",male,9,CA 2144,46.9,S,8,Family
807,0,1,"Andrews, Mr. Thomas Jr",male,39,112050,0.0,S,1,Alone
653,0,3,"Kalvik, Mr. Johannes Halvorsen",male,21,8475,8.4333,S,1,Alone
192,0,2,"Carbines, Mr. William",male,19,28424,13.0,S,1,Alone
696,0,2,"Chapman, Mr. Charles Henry",male,52,248731,13.5,S,1,Alone
735,0,2,"Troupiansky, Mr. Moses Aaron",male,23,233639,13.0,S,1,Alone
282,0,3,"Olsson, Mr. Nils Johan Goransson",male,28,347464,7.8542,S,1,Alone
607,0,3,"Karaic, Mr. Milan",male,30,349246,7.8958,S,1,Alone
718,1,2,"Troutt, Miss. Edwina Celia ""Winnie""""""",female,27,34218,10.5,S,1,Alone
132,0,3,"Coelho, Mr. Domingos Fernandeo",male,20,SOTON/O.Q. 3101307,7.05,S,1,Alone
531,1,2,"Quick, Miss. Phyllis May",female,2,26360,26.0,S,3,Family
529,0,3,"Salonen, Mr. Johan Werner",male,39,3101296,7.925,S,1,Alone
703,0,3,"Barbara, Miss. Saiide",female,18,2691,14.4542,C,2,Duo
730,0,3,"Ilmakangas, Miss. Pieta Sofia",female,25,STON/O2. 3101271,7.925,S,2,Duo
97,0,1,"Goldschmidt, Mr. George B",male,71,PC 17754,34.6542,C,1,Alone
145,0,2,"Andrew, Mr. Edgardo Samuel",male,18,231945,11.5,S,1,Alone
513,1,1,"McGough, Mr. James Robert",male,36,PC 17473,26.2875,S,1,Alone
861,0,3,"Hansen, Mr. Claus Peter",male,41,350026,14.1083,S,3,Family
149,0,2,"Navratil, Mr. Michel (""Louis M Hoffman"""")""",male,37,230080,26.0,S,3,Family
71,0,2,"Jenkin, Mr. Stephen Curnow",male,32,C.A. 33111,10.5,S,1,Alone
191,1,2,"Pinsky, Mrs. (Rosa)",female,32,234604,13.0,S,1,Alone
507,1,2,"Quick, Mrs. Frederick Charles (Jane Richards)",female,33,26360,26.0,S,3,Family
843,1,1,"Serepeca, Miss. Augusta",female,30,113798,31.0,C,1,Alone
258,1,1,"Cherry, Miss. Gladys",female,30,110152,86.5,S,1,Alone
608,1,1,"Daniel, Mr. Robert Williams",male,27,113804,30.5,S,1,Alone
647,0,3,"Cor, Mr. Liudevit",male,19,349231,7.8958,S,1,Alone
766,1,1,"Hogeboom, Mrs. John C (Anna Andrews)",female,51,13502,77.9583,S,2,Duo
695,0,1,"Weir, Col. John",male,60,113800,26.55,S,1,Alone
10,1,2,"Nasser, Mrs. Nicholas (Adele Achem)",female,14,237736,30.0708,C,2,Duo
726,0,3,"Oreskovic, Mr. Luka",male,20,315094,8.6625,S,1,Alone
51,0,3,"Panula, Master. Juha Niilo",male,7,3101295,39.6875,S,6,Family
572,1,1,"Appleton, Mrs. Edward Dale (Charlotte Lamson)",female,53,11769,51.4792,S,3,Family
174,0,3,"Sivola, Mr. Antti Wilhelm",male,21,STON/O 2. 3101280,7.925,S,1,Alone
317,1,2,"Kantor, Mrs. Sinai (Miriam Sternin)",female,24,244367,26.0,S,2,Duo
380,0,3,"Gustafsson, Mr. Karl Gideon",male,19,347069,7.775,S,1,Alone
679,0,3,"Goodwin, Mrs. Frederick (Augusta Tyler)",female,43,CA 2144,46.9,S,8,Family
683,0,3,"Olsvigen, Mr. Thor Anderson",male,20,6563,9.225,S,1,Alone
461,1,1,"Anderson, Mr. Harry",male,48,19952,26.55,S,1,Alone
79,1,2,"Caldwell, Master. Alden Gates",male,1,248738,29.0,S,3,Family
140,0,1,"Giglio, Mr. Victor",male,24,PC 17593,79.2,C,1,Alone
650,1,3,"Stanley, Miss. Amy Zillah Elsie",female,23,CA. 2314,7.55,S,1,Alone
661,1,1,"Frauenthal, Dr. Henry William",male,50,PC 17611,133.65,S,3,Family
799,0,3,"Ibrahim Shawah, Mr. Yousseff",male,30,2685,7.2292,C,1,Alone
327,0,3,"Nysveen, Mr. Johan Hansen",male,61,345364,6.2375,S,1,Alone
834,0,3,"Augustsson, Mr. Albert",male,23,347468,7.8542,S,1,Alone
373,0,3,"Beavan, Mr. William Thomas",male,19,323951,8.05,S,1,Alone
606,0,3,"Lindell, Mr. Edvard Bengtsson",male,36,349910,15.55,S,2,Duo
521,1,1,"Perreault, Miss. Anne",female,30,12749,93.5,S,1,Alone
190,0,3,"Turcin, Mr. Stjepan",male,36,349247,7.8958,S,1,Alone
546,0,1,"Nicholson, Mr. Arthur Ernest",male,64,693,26.0,S,1,Alone
846,0,3,"Abbing, Mr. Anthony",male,42,C.A. 5547,7.55,S,1,Alone
555,1,3,"Ohman, Miss. Velin",female,22,347085,7.775,S,1,Alone
851,0,3,"Andersson, Master. Sigvard Harald Elias",male,4,347082,31.275,S,7,Family
332,0,1,"Partner, Mr. Austen",male,46,113043,28.5,S,1,Alone
781,1,3,"Ayoub, Miss. Banoura",female,13,2687,7.2292,C,1,Alone
448,1,1,"Seward, Mr. Frederic Kimber",male,34,113794,26.55,S,1,Alone
797,1,1,"Leader, Dr. Alice (Farnham)",female,49,17465,25.9292,S,1,Alone
53,1,1,"Harper, Mrs. Henry Sleeper (Myna Haxtun)",female,49,PC 17572,76.7292,C,2,Duo
158,0,3,"Corn, Mr. Harry",male,30,SOTON/OQ 392090,8.05,S,1,Alone
535,0,3,"Cacic, Miss. Marija",female,30,315084,8.6625,S,1,Alone
524,1,1,"Hippach, Mrs. Louis Albert (Ida Sophia Fischer)",female,44,111361,57.9792,C,2,Duo
620,0,2,"Gavey, Mr. Lawrence",male,26,31028,10.5,S,1,Alone
384,1,1,"Holverson, Mrs. Alexander Oskar (Mary Aline Towner)",female,35,113789,52.0,S,2,Duo
247,0,3,"Lindahl, Miss. Agda Thorilda Viktoria",female,25,347071,7.775,S,1,Alone
439,0,1,"Fortune, Mr. Mark",male,64,19950,263.0,S,6,Family
185,1,3,"Kink-Heilmann, Miss. Luise Gretchen",female,4,315153,22.025,S,3,Family
184,1,2,"Becker, Master. Richard F",male,1,230136,39.0,S,4,Family
662,0,3,"Badt, Mr. Mohamed",male,40,2623,7.225,C,1,Alone
871,0,3,"Balkic, Mr. Cerin",male,26,349248,7.8958,S,1,Alone
678,1,3,"Turja, Miss. Anna Sofia",female,18,4138,9.8417,S,1,Alone
436,1,1,"Carter, Miss. Lucile Polk",female,14,113760,120.0,S,4,Family
586,1,1,"Taussig, Miss. Ruth",female,18,110413,79.65,S,3,Family
404,0,3,"Hakkarainen, Mr. Pekka Pietari",male,28,STON/O2. 3101279,15.85,S,2,Duo
232,0,3,"Larsson, Mr. Bengt Edvin",male,29,347067,7.775,S,1,Alone
153,0,3,"Meo, Mr. Alfonzo",male,56,A.5. 11206,8.05,S,1,Alone
760,1,1,"Rothes, the Countess. of (Lucy Noel Martha Dyer-Edwards)",female,33,110152,86.5,S,1,Alone
179,0,2,"Hale, Mr. Reginald",male,30,250653,13.0,S,1,Alone
852,0,3,"Svensson, Mr. Johan",male,74,347060,7.775,S,1,Alone
246,0,1,"Minahan, Dr. William Edward",male,44,19928,90.0,Q,3,Family
347,1,2,"Smith, Miss. Marion Elsie",female,40,31418,13.0,S,1,Alone
367,1,1,"Warren, Mrs. Frank Manley (Anna Sophia Atkinson)",female,60,110813,75.25,C,2,Duo
504,0,3,"Laitinen, Miss. Kristina Sofia",female,37,4135,9.5875,S,1,Alone
152,1,1,"Pears, Mrs. Thomas (Edith Wearne)",female,22,113776,66.6,S,2,Duo
228,0,3,"Lovell, Mr. John Hall (""Henry"""")""",male,21,A/5 21173,7.25,S,1,Alone
252,0,3,"Strom, Mrs. Wilhelm (Elna Matilda Persson)",female,29,347054,10.4625,S,3,Family
552,0,2,"Sharp, Mr. Percival James R",male,27,244358,26.0,S,1,Alone
310,1,1,"Francatelli, Miss. Laura Mabel",female,30,PC 17485,56.9292,C,1,Alone
522,0,3,"Vovk, Mr. Janko",male,22,349252,7.8958,S,1,Alone
796,0,2,"Otter, Mr. Richard",male,39,28213,13.0,S,1,Alone
162,1,2,"Watt, Mrs. James (Elizabeth ""Bessie"""" Inglis Milne)""",female,40,C.A. 33595,15.75,S,1,Alone
506,0,1,"Penasco y Castellana, Mr. Victor de Satode",male,18,PC 17758,108.9,C,2,Duo
848,0,3,"Markoff, Mr. Marin",male,35,349213,7.8958,C,1,Alone
700,0,3,"Humblen, Mr. Adolf Mathias Nicolai Olsen",male,42,348121,7.65,S,1,Alone
273,1,2,"Mellinger, Mrs. (Elizabeth Anne Maidment)",female,41,250644,19.5,S,2,Duo
812,0,3,"Lester, Mr. James",male,39,A/4 48871,24.15,S,1,Alone
686,0,2,"Laroche, Mr. Joseph Philippe Lemercier",male,25,SC/Paris 2123,41.5792,C,4,Family
815,0,3,"Tomlin, Mr. Ernest Portage",male,31,364499,8.05,S,1,Alone
694,0,3,"Saad, Mr. Khalil",male,25,2672,7.225,C,1,Alone
485,1,1,"Bishop, Mr. Dickinson H",male,25,11967,91.0792,C,2,Duo
865,0,2,"Gill, Mr. John William",male,24,233866,13.0,S,1,Alone
645,1,3,"Baclini, Miss. Eugenie",female,1,2666,19.2583,C,4,Family
333,0,1,"Graham, Mr. George Edward",male,38,PC 17582,153.4625,S,2,Duo
556,0,1,"Wright, Mr. George",male,62,113807,26.55,S,1,Alone
628,1,1,"Longley, Miss. Gretchen Fiske",female,21,13502,77.9583,S,1,Alone
142,1,3,"Nysten, Miss. Anna Sofia",female,22,347081,7.75,S,1,Alone
289,1,2,"Hosono, Mr. Masabumi",male,42,237798,13.0,S,1,Alone
780,1,1,"Robert, Mrs. Edward Scott (Elisabeth Walton McMillan)",female,43,24160,211.3375,S,2,Duo
468,0,1,"Smart, Mr. John Montgomery",male,56,113792,26.55,S,1,Alone
290,1,3,"Connolly, Miss. Kate",female,22,370373,7.75,Q,1,Alone
737,0,3,"Ford, Mrs. Edward (Margaret Ann Watson)",female,48,W./C. 6608,34.375,S,5,Family
396,0,3,"Johansson, Mr. Erik",male,22,350052,7.7958,S,1,Alone
516,0,1,"Walker, Mr. William Anderson",male,47,36967,34.0208,S,1,Alone
801,0,2,"Ponesell, Mr. Martin",male,34,250647,13.0,S,1,Alone
447,1,2,"Mellinger, Miss. Madeleine Violet",female,13,250644,19.5,S,2,Duo
322,0,3,"Danoff, Mr. Yoto",male,27,349219,7.8958,S,1,Alone
351,0,3,"Odahl, Mr. Nils Martin",male,23,7267,9.225,S,1,Alone
473,1,2,"West, Mrs. Edwy Arthur (Ada Mary Worth)",female,33,C.A. 34651,27.75,S,4,Family
483,0,3,"Rouse, Mr. Richard Henry",male,50,A/5 3594,8.05,S,1,Alone
280,1,3,"Abbott, Mrs. Stanton (Rosa Hunt)",female,35,C.A. 2673,20.25,S,3,Family
849,0,2,"Harper, Rev. John",male,28,248727,33.0,S,2,Duo
732,0,3,"Hassan, Mr. Houssein G N",male,11,2699,18.7875,C,1,Alone
598,0,3,"Johnson, Mr. Alfred",male,49,LINE,0.0,S,1,Alone
435,0,1,"Silvey, Mr. William Baird",male,50,13507,55.9,S,2,Duo
639,0,3,"Panula, Mrs. Juha (Maria Emilia Ojala)",female,41,3101295,39.6875,S,6,Family
878,0,3,"Petroff, Mr. Nedelio",male,19,349212,7.8958,S,1,Alone
824,1,3,"Moor, Mrs. (Beila)",female,27,392096,12.475,S,2,Duo
806,0,3,"Johansson, Mr. Karl Johan",male,31,347063,7.775,S,1,Alone
763,1,3,"Barah, Mr. Hanna Assi",male,20,2663,7.2292,C,1,Alone
755,1,2,"Herman, Mrs. Samuel (Jane Laver)",female,48,220845,65.0,S,4,Family
702,1,1,"Silverthorne, Mr. Spencer Victor",male,35,PC 17475,26.2875,S,1,Alone
111,0,1,"Porter, Mr. Walter Chamberlain",male,47,110465,52.0,S,1,Alone
303,0,3,"Johnson, Mr. William Cahoone Jr",male,19,LINE,0.0,S,1,Alone
201,0,3,"Vande Walle, Mr. Nestor Cyriel",male,28,345770,9.5,S,1,Alone
664,0,3,"Coleff, Mr. Peju",male,36,349210,7.4958,S,1,Alone
50,0,3,"Arnold-Franchi, Mrs. Josef (Josefine Franchi)",female,18,349237,17.8,S,2,Duo
684,0,3,"Goodwin, Mr. Charles Edward",male,14,CA 2144,46.9,S,8,Family
213,0,3,"Perkin, Mr. John Henry",male,22,A/5 21174,7.25,S,1,Alone
765,0,3,"Eklund, Mr. Hans Linus",male,16,347074,7.775,S,1,Alone
756,1,2,"Hamalainen, Master. Viljo",male,1,250649,14.5,S,3,Family
842,0,2,"Mudd, Mr. Thomas Charles",male,16,S.O./P.P. 3,10.5,S,1,Alone
121,0,2,"Hickman, Mr. Stanley George",male,21,S.O.C. 14879,73.5,S,3,Family
709,1,1,"Cleaver, Miss. Alice",female,22,113781,151.55,S,1,Alone
298,0,1,"Allison, Miss. Helen Loraine",female,2,113781,151.55,S,4,Family
723,0,2,"Gillespie, Mr. William Henry",male,34,12233,13.0,S,1,Alone
582,1,1,"Thayer, Mrs. John Borland (Marian Longstreth Morris)",female,39,17421,110.8833,C,3,Family
699,0,1,"Thayer, Mr. John Borland",male,49,17421,110.8833,C,3,Family
786,0,3,"Harmer, Mr. Abraham (David Lishin)",male,25,374887,7.25,S,1,Alone
256,1,3,"Touma, Mrs. Darwis (Hanne Youssef Razi)",female,29,2650,15.2458,C,3,Family
493,0,1,"Molson, Mr. Harry Markland",male,55,113787,30.5,S,1,Alone
500,0,3,"Svensson, Mr. Olof",male,24,350035,7.7958,S,1,Alone
757,0,3,"Carlsson, Mr. August Sigfrid",male,28,350042,7.7958,S,1,Alone
270,1,1,"Bissette, Miss. Amelia",female,35,PC 17760,135.6333,S,1,Alone
5,0,3,"Allen, Mr. William Henry",male,35,373450,8.05,S,1,Alone
800,0,3,"Van Impe, Mrs. Jean Baptiste (Rosalie Paula Govaert)",female,30,345773,24.15,S,3,Family
690,1,1,"Madill, Miss. Georgette Alexandra",female,15,24160,211.3375,S,2,Duo
125,0,1,"White, Mr. Percival Wayland",male,54,35281,77.2875,S,2,Duo
722,0,3,"Jensen, Mr. Svend Lauritz",male,17,350048,7.0542,S,2,Duo
511,1,3,"Daly, Mr. Eugene Patrick",male,29,382651,7.75,Q,1,Alone
636,1,2,"Davis, Miss. Mary",female,28,237668,13.0,S,1,Alone
63,0,1,"Harris, Mr. Henry Birkhardt",male,45,36973,83.475,S,2,Duo
42,0,2,"Turpin, Mrs. William John Robert (Dorothy Ann Wonnacott)",female,27,11668,21.0,S,2,Duo
249,1,1,"Beckwith, Mr. Richard Leonard",male,37,11751,52.5542,S,3,Family
168,0,3,"Skoog, Mrs. William (Anna Bernhardina Karlsson)",female,45,347088,27.9,S,6,Family
36,0,1,"Holverson, Mr. Alexander Oskar",male,42,113789,52.0,S,2,Duo
788,0,3,"Rice, Master. George Hugh",male,8,382652,29.125,Q,6,Family
287,1,3,"de Mulder, Mr. Theodore",male,30,345774,9.5,S,1,Alone
621,0,3,"Yasbeck, Mr. Antoni",male,27,2659,14.4542,C,2,Duo
475,0,3,"Strandberg, Miss. Ida Sofia",female,22,7553,9.8375,S,1,Alone
361,0,3,"Skoog, Mr. Wilhelm",male,40,347088,27.9,S,6,Family
527,1,2,"Ridsdale, Miss. Lucy",female,50,W./C. 14258,10.5,S,1,Alone
492,0,3,"Windelov, Mr. Einar",male,21,SOTON/OQ 3101317,7.25,S,1,Alone
746,0,1,"Crosby, Capt. Edward Gifford",male,70,WE/P 5735,71.0,S,3,Family
631,1,1,"Barkworth, Mr. Algernon Henry Wilson",male,80,27042,30.0,S,1,Alone
173,1,3,"Johnson, Miss. Eleanor Ileen",female,1,347742,11.1333,S,3,Family
82,1,3,"Sheerlinck, Mr. Jan Baptist",male,29,345779,9.5,S,1,Alone
596,0,3,"Van Impe, Mr. Jean Baptiste",male,36,345773,24.15,S,3,Family
161,0,3,"Cribb, Mr. John Hatfield",male,44,371362,16.1,S,2,Duo
868,0,1,"Roebling, Mr. Washington Augustus II",male,31,PC 17590,50.4958,S,1,Alone
660,0,1,"Newell, Mr. Arthur Webster",male,58,35273,113.275,C,3,Family
85,1,2,"Ilett, Miss. Bertha",female,17,SO/C 14885,10.5,S,1,Alone
16,1,2,"Hewlett, Mrs. (Mary D Kingcome) ",female,55,248706,16.0,S,1,Alone
196,1,1,"Lurette, Miss. Elise",female,58,PC 17569,146.5208,C,1,Alone
55,0,1,"Ostby, Mr. Engelhart Cornelius",male,65,113509,61.9792,C,2,Duo
624,0,3,"Hansen, Mr. Henry Damsgaard",male,21,350029,7.8542,S,1,Alone
477,0,2,"Renouf, Mr. Peter Henry",male,34,31027,21.0,S,2,Duo
233,0,2,"Sjostedt, Mr. Ernst Adolf",male,59,237442,13.5,S,1,Alone
269,1,1,"Graham, Mrs. William Thompson (Edith Junkins)",female,58,PC 17582,153.4625,S,2,Duo
70,0,3,"Kink, Mr. Vincenz",male,26,315151,8.6625,S,3,Family
422,0,3,"Charters, Mr. David",male,21,A/5. 13032,7.7333,Q,1,Alone
371,1,1,"Harder, Mr. George Achilles",male,25,11765,55.4417,C,2,Duo
315,0,2,"Hart, Mr. Benjamin",male,43,F.C.C. 13529,26.25,S,3,Family
583,0,2,"Downton, Mr. William James",male,54,28403,26.0,S,1,Alone
576,0,3,"Patchett, Mr. George",male,19,358585,14.5,S,1,Alone
888,1,1,"Graham, Miss. Margaret Edith",female,19,112053,30.0,S,1,Alone
337,0,1,"Pears, Mr. Thomas Clinton",male,29,113776,66.6,S,2,Duo
250,0,2,"Carter, Rev. Ernest Courtenay",male,54,244252,26.0,S,2,Duo
204,0,3,"Youseff, Mr. Gerious",male,46,2628,7.225,C,1,Alone
701,1,1,"Astor, Mrs. John Jacob (Madeleine Talmadge Force)",female,18,PC 17757,227.525,C,2,Duo
505,1,1,"Maioni, Miss. Roberta",female,16,110152,86.5,S,1,Alone
605,1,1,"Homer, Mr. Harry (""Mr E Haven"""")""",male,35,111426,26.55,C,1,Alone
134,1,2,"Weisz, Mrs. Leopold (Mathilde Francoise Pede)",female,29,228414,26.0,S,2,Duo
713,1,1,"Taylor, Mr. Elmer Zebley",male,48,19996,52.0,S,2,Duo
489,0,3,"Somerton, Mr. Francis William",male,30,A.5. 18509,8.05,S,1,Alone
2,1,1,"Cumings, Mrs. John Bradley (Florence Briggs Thayer)",female,38,PC 17599,71.2833,C,2,Duo
835,0,3,"Allum, Mr. Owen George",male,18,2223,8.3,S,1,Alone
707,1,2,"Kelly, Mrs. Florence ""Fannie""""""",female,45,223596,13.5,S,1,Alone
104,0,3,"Johansson, Mr. Gustaf Joel",male,33,7540,8.6542,S,1,Alone
255,0,3,"Rosblom, Mrs. Viktor (Helena Wilhelmina)",female,41,370129,20.2125,S,3,Family
45,1,3,"Devaney, Miss. Margaret Delia",female,19,330958,7.8792,Q,1,Alone
643,0,3,"Skoog, Miss. Margit Elizabeth",female,2,347088,27.9,S,6,Family
540,1,1,"Frolicher, Miss. Hedwig Margaritha",female,22,13568,49.5,C,3,Family
575,0,3,"Rush, Mr. Alfred George John",male,16,A/4. 20589,8.05,S,1,Alone
457,0,1,"Millet, Mr. Francis Davis",male,65,13509,26.55,S,1,Alone
117,0,3,"Connors, Mr. Patrick",male,71,370369,7.75,Q,1,Alone
424,0,3,"Danbom, Mrs. Ernst Gilbert (Anna Sigrid Maria Brogren)",female,28,347080,14.4,S,3,Family
711,1,1,"Mayne, Mlle. Berthe Antonine (""Mrs de Villiers"""")""",female,24,PC 17482,49.5042,C,1,Alone
433,1,2,"Louch, Mrs. Charles Alexander (Alice Adelaide Slow)",female,42,SC/AH 3085,26.0,S,2,Duo
300,1,1,"Baxter, Mrs. James (Helene DeLaudeniere Chaput)",female,50,PC 17558,247.5208,C,2,Duo
15,0,3,"Vestrom, Miss. Hulda Amanda Adolfina",female,14,350406,7.8542,S,1,Alone
394,1,1,"Newell, Miss. Marjorie",female,23,35273,113.275,C,2,Duo
754,0,3,"Jonkoff, Mr. Lalio",male,23,349204,7.8958,S,1,Alone
487,1,1,"Hoyt, Mrs. Frederick Maxfield (Jane Anne Forby)",female,35,19943,90.0,S,2,Duo
341,1,2,"Navratil, Master. Edmond Roger",male,2,230080,26.0,S,3,Family
209,1,3,"Carr, Miss. Helen ""Ellen""""""",female,16,367231,7.75,Q,1,Alone
884,0,2,"Banfield, Mr. Frederick James",male,28,C.A./SOTON 34068,10.5,S,1,Alone
810,1,1,"Chambers, Mrs. Norman Campbell (Bertha Griggs)",female,33,113806,53.1,S,2,Duo
616,1,2,"Herman, Miss. Alice",female,24,220845,65.0,S,4,Family
872,1,1,"Beckwith, Mrs. Richard Leonard (Sallie Monypeny)",female,47,11751,52.5542,S,3,Family
638,0,2,"Collyer, Mr. Harvey",male,31,C.A. 31921,26.25,S,3,Family
306,1,1,"Allison, Master. Hudson Trevor",male,1,113781,151.55,S,4,Family
714,0,3,"Larsson, Mr. August Viktor",male,29,7545,9.4833,S,1,Alone
708,1,1,"Calderhead, Mr. Edward Pennington",male,42,PC 17476,26.2875,S,1,Alone
235,0,2,"Leyson, Mr. Robert William Norman",male,24,C.A. 29566,10.5,S,1,Alone
604,0,3,"Torber, Mr. Ernst William",male,44,364511,8.05,S,1,Alone
646,1,1,"Harper, Mr. Henry Sleeper",male,48,PC 17572,76.7292,C,2,Duo
76,0,3,"Moen, Mr. Sigurd Hansen",male,25,348123,7.65,S,1,Alone
601,1,2,"Jacobsohn, Mrs. Sidney Samuel (Amy Frances Christy)",female,24,243847,27.0,S,4,Family
706,0,2,"Morley, Mr. Henry Samuel (""Mr Henry Marshall"""")""",male,39,250655,26.0,S,1,Alone
316,1,3,"Nilsson, Miss. Helmina Josefina",female,26,347470,7.8542,S,1,Alone
25,0,3,"Palsson, Miss. Torborg Danira",female,8,349909,21.075,S,5,Family
392,1,3,"Jansson, Mr. Carl Olof",male,21,350034,7.7958,S,1,Alone
581,1,2,"Christy, Miss. Julie Rachel",female,25,237789,30.0,S,3,Family
203,0,3,"Johanson, Mr. Jakob Alfred",male,34,3101264,6.4958,S,1,Alone
344,0,2,"Sedgwick, Mr. Charles Frederick Waddington",male,25,244361,13.0,S,1,Alone
238,1,2,"Collyer, Miss. Marjorie ""Lottie""""""",female,8,C.A. 31921,26.25,S,3,Family
484,1,3,"Turkula, Mrs. (Hedwig)",female,63,4134,9.5875,S,1,Alone
520,0,3,"Pavlovic, Mr. Stefo",male,32,349242,7.8958,S,1,Alone
623,1,3,"Nakid, Mr. Sahid",male,20,2653,15.7417,C,3,Family
430,1,3,"Pickard, Mr. Berk (Berk Trembisky)",male,32,SOTON/O.Q. 392078,8.05,S,1,Alone
386,0,2,"Davies, Mr. Charles Henry",male,18,S.O.C. 14879,73.5,S,1,Alone
828,1,2,"Mallet, Master. Andre",male,1,S.C./PARIS 2079,37.0042,C,3,Family
163,0,3,"Bengtsson, Mr. John Viktor",male,26,347068,7.775,S,1,Alone
831,1,3,"Yasbeck, Mrs. Antoni (Selini Alexander)",female,15,2659,14.4542,C,2,Duo
126,1,3,"Nicola-Yarred, Master. Elias",male,12,2651,11.2417,C,2,Duo
466,0,3,"Goncalves, Mr. Manuel Estanslas",male,38,SOTON/O.Q. 3101306,7.05,S,1,Alone
113,0,3,"Barton, Mr. David John",male,22,324669,8.05,S,1,Alone
580,1,3,"Jussila, Mr. Eiriik",male,32,STON/O 2. 3101286,7.925,S,1,Alone
409,0,3,"Birkeland, Mr. Hans Martin Monsen",male,21,312992,7.775,S,1,Alone
267,0,3,"Panula, Mr. Ernesti Arvid",male,16,3101295,39.6875,S,6,Family
589,0,3,"Gilinski, Mr. Eliezer",male,22,14973,8.05,S,1,Alone
151,0,2,"Bateman, Rev. Robert James",male,51,S.O.P. 1166,12.525,S,1,Alone
771,0,3,"Lievens, Mr. Rene Aime",male,24,345781,9.5,S,1,Alone
24,1,1,"Sloper, Mr. William Thompson",male,28,113788,35.5,S,1,Alone
876,1,3,"Najib, Miss. Adele Kiamie ""Jane""""""",female,15,2667,7.225,C,1,Alone
93,0,1,"Chaffee, Mr. Herbert Fuller",male,46,W.E.P. 5734,61.175,S,2,Duo
135,0,2,"Sobey, Mr. Samuel James Hayden",male,25,C.A. 29178,13.0,S,1,Alone
338,1,1,"Burns, Miss. Elizabeth Margaret",female,41,16966,134.5,C,1,Alone
549,0,3,"Goldsmith, Mr. Frank John",male,33,363291,20.525,S,3,Family
131,0,3,"Drazenoic, Mr. Jozef",male,33,349241,7.8958,C,1,Alone
